IsDistrict,District,IsTotal,InhabitedVillages,UninhabitedVillages,Towns,Households,Population,MalePopulation,FemalePopulation,Area,PopulationPerSqKm
DISTRICT,Kupwara,Total,353.0,9.0,10.0,113929.0,870354.0,474190.0,396164.0,2379.0,366.0
DISTRICT,Badgam,Total,462.0,12.0,9.0,103363.0,753745.0,398041.0,355704.0,1361.0,554.0
DISTRICT,Leh(Ladakh),Total,111.0,1.0,3.0,21909.0,133487.0,78971.0,54516.0,45110.0,3.0
DISTRICT,Kargil,Total,125.0,2.0,1.0,18338.0,140802.0,77785.0,63017.0,14036.0,10.0
DISTRICT,Punch,Total,170.0,8.0,3.0,90261.0,476835.0,251899.0,224936.0,1674.0,285.0
DISTRICT,Rajouri,Total,375.0,10.0,4.0,130401.0,642415.0,345351.0,297064.0,2630.0,244.0
DISTRICT,Kathua,Total,496.0,16.0,6.0,119583.0,616435.0,326109.0,290326.0,2502.0,246.0
DISTRICT,Baramula,Total,509.0,9.0,7.0,152635.0,1008039.0,534733.0,473306.0,4243.0,238.0
DISTRICT,Bandipore,Total,119.0,3.0,3.0,58392.0,392232.0,207680.0,184552.0,345.0,1137.0
DISTRICT,Srinagar,Total,11.0,0.0,5.0,191678.0,1236829.0,651124.0,585705.0,1979.0,625.0
DISTRICT,Ganderbal,Total,113.0,2.0,3.0,45361.0,297446.0,158720.0,138726.0,259.0,1148.0
DISTRICT,Pulwama,Total,319.0,10.0,5.0,86241.0,560440.0,293064.0,267376.0,1086.0,516.0
DISTRICT,Shupiyan,Total,226.0,3.0,1.0,44411.0,266215.0,136480.0,129735.0,312.0,853.0
DISTRICT,Anantnag,Total,335.0,7.0,12.0,153640.0,1078692.0,559767.0,518925.0,3574.0,302.0
DISTRICT,Kulgam,Total,226.0,5.0,7.0,73728.0,424483.0,217620.0,206863.0,410.0,1035.0
DISTRICT,Doda,Total,402.0,4.0,2.0,79636.0,409936.0,213641.0,196295.0,8912.0,46.0
DISTRICT,Ramban,Total,127.0,2.0,3.0,55490.0,283713.0,149132.0,134581.0,1329.0,213.0
DISTRICT,Kishtwar,Total,155.0,2.0,1.0,45209.0,230696.0,120165.0,110531.0,1644.0,140.0
DISTRICT,Udhampur,Total,325.0,6.0,6.0,99240.0,554985.0,296784.0,258201.0,2637.0,210.0
DISTRICT,Reasi,Total,253.0,2.0,5.0,56689.0,314667.0,166461.0,148206.0,1719.0,183.0
DISTRICT,Jammu,Total,780.0,72.0,20.0,314199.0,1529958.0,813821.0,716137.0,2342.0,653.0
DISTRICT,Samba,Total,345.0,31.0,6.0,65385.0,318898.0,169124.0,149774.0,904.0,353.0
DISTRICT,Chamba,Total,1110.0,481.0,5.0,102460.0,519080.0,261320.0,257760.0,6522.0002245146725,80.0
DISTRICT,Kangra,Total,3617.0,252.0,9.0,338887.0,1510075.0,750591.0,759484.0,5739.000080797061,263.0
DISTRICT,Lahul & Spiti,Total,280.0,241.0,0.0,6674.0,31564.0,16588.0,14976.0,13841.000106717893,2.0
DISTRICT,Kullu,Total,314.0,12.0,5.0,94807.0,437903.0,225452.0,212451.0,5503.000197040496,80.0
DISTRICT,Mandi,Total,2850.0,488.0,5.0,219145.0,999777.0,498065.0,501712.0,3950.00032714741,253.0
DISTRICT,Hamirpur,Total,1671.0,54.0,4.0,105519.0,454768.0,217070.0,237698.0,1117.999908243244,407.0
DISTRICT,Una,Total,790.0,58.0,5.0,110332.0,521173.0,263692.0,257481.0,1539.9999053468234,338.0
DISTRICT,Bilaspur,Total,953.0,108.0,4.0,80485.0,381956.0,192764.0,189192.0,1167.0003378612182,327.0
DISTRICT,Solan,Total,2383.0,161.0,8.0,122425.0,580320.0,308754.0,271566.0,1936.0005246703984,300.0
DISTRICT,Sirmaur,Total,968.0,8.0,3.0,98208.0,529855.0,276289.0,253566.0,2825.0001594548926,188.0
DISTRICT,Shimla,Total,2705.0,526.0,11.0,184362.0,814010.0,425039.0,388971.0,5131.000407287827,159.0
DISTRICT,Kinnaur,Total,241.0,419.0,0.0,19976.0,84121.0,46249.0,37872.0,6400.999861719775,13.0
DISTRICT,Gurdaspur,Total,1515.0,80.0,27.0,443666.0,2298323.0,1212617.0,1085706.0,3550.999920093959,647.0
DISTRICT,Kapurthala ,Total,612.0,76.0,9.0,167989.0,815168.0,426311.0,388857.0,1633.0021470810038,499.0
DISTRICT,Jalandhar,Total,922.0,19.0,21.0,461635.0,2193590.0,1145211.0,1048379.0,2624.0,836.0
DISTRICT,Hoshiarpur,Total,1385.0,31.0,13.0,336994.0,1586625.0,809057.0,777568.0,3386.0013417644177,469.0
DISTRICT,Shahid Bhagat Singh Nagar ,Total,458.0,10.0,8.0,129500.0,612310.0,313291.0,299019.0,1282.0029369038623,478.0
DISTRICT,Fatehgarh Sahib,Total,442.0,4.0,5.0,118100.0,600163.0,320795.0,279368.0,1180.0,509.0
DISTRICT,Ludhiana,Total,885.0,22.0,20.0,716826.0,3498739.0,1867816.0,1630923.0,3578.0,978.0
DISTRICT,Moga,Total,319.0,6.0,5.0,193256.0,995746.0,525920.0,469826.0,2242.0,444.0
DISTRICT,Firozpur,Total,955.0,45.0,13.0,385994.0,2029074.0,1071637.0,957437.0,5305.0,382.0
DISTRICT,Muktsar,Total,233.0,1.0,4.0,174360.0,901896.0,475622.0,426274.0,2593.0,348.0
DISTRICT,Faridkot,Total,163.0,8.0,3.0,120893.0,617508.0,326671.0,290837.0,1458.0,424.0
DISTRICT,Bathinda,Total,279.0,2.0,12.0,273902.0,1388525.0,743197.0,645328.0,3353.0,414.0
DISTRICT,Mansa,Total,238.0,2.0,5.0,149630.0,769751.0,408732.0,361019.0,2198.0,350.0
DISTRICT,Patiala,Total,895.0,17.0,12.0,372293.0,1895686.0,1002522.0,893164.0,3325.0,570.0
DISTRICT,Amritsar ,Total,703.0,36.0,15.0,488898.0,2490656.0,1318408.0,1172248.0,2683.0,928.0
DISTRICT,Tarn Taran,Total,479.0,10.0,4.0,203421.0,1119627.0,589369.0,530258.0,2414.0,464.0
DISTRICT,Rupnagar,Total,591.0,20.0,8.0,135635.0,684627.0,357485.0,327142.0,1356.0,505.0
DISTRICT,Sahibzada Ajit Singh Nagar,Total,403.0,16.0,15.0,205411.0,994628.0,529253.0,465375.0,1094.0,909.0
DISTRICT,Sangrur,Total,564.0,7.0,13.0,318870.0,1655169.0,878029.0,777140.0,3625.0,457.0
DISTRICT,Barnala,Total,127.0,1.0,5.0,115798.0,595527.0,317522.0,278005.0,1482.0,402.0
DISTRICT,Chandigarh,Total,5.0,0.0,6.0,241173.0,1055450.0,580663.0,474787.0,114.0,9258.0
DISTRICT,Uttarkashi,Total,694.0,13.0,3.0,67602.0,330086.0,168597.0,161489.0,8016.0,41.0
DISTRICT,Chamoli,Total,1170.0,76.0,6.0,88964.0,391605.0,193991.0,197614.0,8029.999497604924,49.0
DISTRICT,Rudraprayag,Total,653.0,35.0,2.0,53542.0,242285.0,114589.0,127696.0,1984.0,122.0
DISTRICT,Tehri Garhwal,Total,1774.0,88.0,7.0,132714.0,618931.0,297986.0,320945.0,3642.0,170.0
DISTRICT,Dehradun,Total,731.0,17.0,22.0,347001.0,1696694.0,892199.0,804495.0,3088.0,549.0
DISTRICT,Garhwal,Total,3142.0,331.0,8.0,161778.0,687271.0,326829.0,360442.0,5329.0,129.0
DISTRICT,Pithoragarh,Total,1572.0,103.0,3.0,114730.0,483439.0,239306.0,244133.0,7090.0,68.0
DISTRICT,Bageshwar,Total,874.0,73.0,1.0,58046.0,259898.0,124326.0,135572.0,2241.0,116.0
DISTRICT,"Almora
",Total,2184.0,105.0,5.0,140577.0,622506.0,291081.0,331425.0,3144.0,198.0
DISTRICT,Champawat,Total,662.0,55.0,4.0,53953.0,259648.0,131125.0,128523.0,1766.0,147.0
DISTRICT,Nainital,Total,1097.0,44.0,11.0,191383.0,954605.0,493666.0,460939.0,4251.0,225.0
DISTRICT,Udham Singh Nagar,Total,674.0,14.0,19.0,308581.0,1648902.0,858783.0,790119.0,2542.0,649.0
DISTRICT,Hardwar,Total,518.0,94.0,24.0,338104.0,1890422.0,1005295.0,885127.0,2360.0,801.0
DISTRICT,Panchkula,Total,206.0,13.0,8.0,117107.0,561293.0,299679.0,261614.0,897.9999179786504,625.0
DISTRICT,Ambala,Total,461.0,9.0,15.0,224334.0,1128350.0,598703.0,529647.0,1573.9999520709425,717.0
DISTRICT,Yamunanagar,Total,611.0,25.0,12.0,235423.0,1214205.0,646718.0,567487.0,1767.9998547799714,687.0
DISTRICT,Kurukshetra,Total,407.0,8.0,5.0,188143.0,964655.0,510976.0,453679.0,1529.9995148227852,630.0
DISTRICT,Kaithal,Total,267.0,2.0,4.0,204274.0,1074304.0,571003.0,503301.0,2316.9999251367117,464.0
DISTRICT,Karnal,Total,417.0,17.0,8.0,292084.0,1505324.0,797712.0,707612.0,2519.9998500161546,597.0
DISTRICT,Panipat,Total,176.0,10.0,12.0,235640.0,1205437.0,646857.0,558580.0,1267.9959124636227,951.0
DISTRICT,Sonipat,Total,319.0,13.0,8.0,277726.0,1450001.0,781299.0,668702.0,2122.0,683.0
DISTRICT,Jind,Total,302.0,4.0,6.0,249736.0,1334152.0,713006.0,621146.0,2702.002297510634,494.0
DISTRICT,Fatehabad,Total,245.0,0.0,4.0,180637.0,942011.0,495360.0,446651.0,2538.0047116599712,371.0
DISTRICT,Sirsa,Total,327.0,3.0,5.0,246571.0,1295189.0,682582.0,612607.0,4277.0,303.0
DISTRICT,Hisar,Total,268.0,1.0,11.0,335608.0,1743931.0,931562.0,812369.0,3983.0,438.0
DISTRICT,Bhiwani,Total,442.0,2.0,6.0,311380.0,1634445.0,866672.0,767773.0,4778.0,342.0
DISTRICT,Rohtak,Total,136.0,7.0,5.0,206988.0,1061204.0,568479.0,492725.0,1745.0,608.0
DISTRICT,Jhajjar,Total,247.0,13.0,5.0,185334.0,958405.0,514667.0,443738.0,1834.0,523.0
DISTRICT,Mahendragarh,Total,369.0,1.0,5.0,171712.0,922088.0,486665.0,435423.0,1899.0,486.0
DISTRICT,Rewari,Total,389.0,14.0,9.0,178043.0,900332.0,474335.0,425997.0,1594.0,565.0
DISTRICT,Gurgaon,Total,229.0,13.0,9.0,326428.0,1514432.0,816690.0,697742.0,1258.0,1204.0
DISTRICT,Mewat ,Total,412.0,27.0,8.0,160280.0,1089263.0,571162.0,518101.0,1507.0,723.0
DISTRICT,Faridabad,Total,144.0,5.0,3.0,358919.0,1809733.0,966110.0,843623.0,741.0,2442.0
DISTRICT,Palwal ,Total,268.0,12.0,6.0,171157.0,1042708.0,554497.0,488211.0,1359.0,767.0
DISTRICT,North West,Total,48.0,4.0,34.0,736253.0,3656539.0,1960922.0,1695617.0,443.0,8254.0
DISTRICT,North,Total,2.0,2.0,4.0,180044.0,887978.0,475002.0,412976.0,61.0,14557.0
DISTRICT,North East,Total,8.0,1.0,15.0,406125.0,2241624.0,1188425.0,1053199.0,62.0,36155.0
DISTRICT,East,Total,1.0,0.0,7.0,358937.0,1709346.0,907500.0,801846.0,63.0,27132.0
DISTRICT,New Delhi,Total,0.0,0.0,0.0,33208.0,142004.0,77942.0,64062.0,35.0,4057.0
DISTRICT,Central,Total,0.0,0.0,0.0,119639.0,582320.0,307821.0,274499.0,21.0,27730.0
DISTRICT,West,Total,2.0,0.0,11.0,533221.0,2543243.0,1356240.0,1187003.0,130.0,19563.0
DISTRICT,South West,Total,39.0,2.0,19.0,494439.0,2292958.0,1246046.0,1046912.0,421.0,5446.0
DISTRICT,South,Total,3.0,0.0,23.0,574133.0,2731929.0,1467428.0,1264501.0,247.0,11060.0
DISTRICT,Ganganagar ,Total,2855.0,163.0,16.0,387511.0,1969168.0,1043340.0,925828.0,10978.0,179.0
DISTRICT,Hanumangarh,Total,1831.0,76.0,6.0,336192.0,1774692.0,931184.0,843508.0,9656.0,184.0
DISTRICT,Bikaner,Total,857.0,62.0,6.0,384944.0,2363937.0,1240801.0,1123136.0,30239.0,78.0
DISTRICT,Churu,Total,873.0,26.0,10.0,348984.0,2039547.0,1051446.0,988101.0,13835.0,147.0
DISTRICT,Jhunjhunun,Total,926.0,1.0,18.0,384197.0,2137045.0,1095896.0,1041149.0,5928.0,361.0
DISTRICT,Alwar,Total,2021.0,33.0,16.0,639720.0,3674179.0,1939026.0,1735153.0,8380.0,438.0
DISTRICT,Bharatpur,Total,1432.0,92.0,10.0,425414.0,2548462.0,1355726.0,1192736.0,5066.0,503.0
DISTRICT,Dhaulpur,Total,801.0,18.0,4.0,203754.0,1206516.0,653647.0,552869.0,3033.0,398.0
DISTRICT,Karauli,Total,851.0,37.0,4.0,262503.0,1458248.0,783639.0,674609.0,5524.0,264.0
DISTRICT,Sawai Madhopur,Total,758.0,56.0,4.0,254716.0,1335551.0,704031.0,631520.0,4498.0,297.0
DISTRICT,Dausa,Total,1079.0,30.0,5.0,292502.0,1634409.0,857787.0,776622.0,3432.0,476.0
DISTRICT,Jaipur,Total,2126.0,54.0,19.0,1177096.0,6626178.0,3468507.0,3157671.0,11143.0,595.0
DISTRICT,Sikar,Total,1162.0,5.0,15.0,444816.0,2677333.0,1374990.0,1302343.0,7732.0,346.0
DISTRICT,Nagaur,Total,1575.0,14.0,18.0,578809.0,3307743.0,1696325.0,1611418.0,17718.0,187.0
DISTRICT,Jodhpur,Total,1836.0,2.0,7.0,649013.0,3687165.0,1923928.0,1763237.0,22850.0,161.0
DISTRICT,Jaisalmer,Total,756.0,43.0,2.0,117171.0,669919.0,361708.0,308211.0,38401.0,17.0
DISTRICT,Barmer,Total,2452.0,8.0,4.0,451629.0,2603751.0,1369022.0,1234729.0,28387.0,92.0
DISTRICT,Jalor,Total,791.0,10.0,4.0,326134.0,1828730.0,936634.0,892096.0,10640.0,172.0
DISTRICT,Sirohi,Total,470.0,7.0,9.0,201785.0,1036346.0,534231.0,502115.0,5136.0,202.0
DISTRICT,Pali,Total,1017.0,13.0,11.0,418157.0,2037573.0,1025422.0,1012151.0,12387.0,164.0
DISTRICT,Ajmer,Total,1099.0,12.0,11.0,494832.0,2583052.0,1324085.0,1258967.0,8481.0,305.0
DISTRICT,Tonk,Total,1116.0,67.0,8.0,266870.0,1421326.0,728136.0,693190.0,7194.0,198.0
DISTRICT,Bundi,Total,867.0,6.0,9.0,220768.0,1110906.0,577160.0,533746.0,5776.0,192.0
DISTRICT,Bhilwara,Total,1790.0,44.0,9.0,498125.0,2408523.0,1220736.0,1187787.0,10455.0,230.0
DISTRICT,Rajsamand,Total,1037.0,13.0,9.0,243078.0,1156597.0,581339.0,575258.0,4655.0,248.0
DISTRICT,Dungarpur,Total,972.0,4.0,4.0,282029.0,1388552.0,696532.0,692020.0,3770.0,368.0
DISTRICT,Banswara,Total,1485.0,28.0,4.0,367797.0,1797485.0,907754.0,889731.0,4522.0,397.0
DISTRICT,Chittaurgarh,Total,1581.0,149.0,7.0,329119.0,1544338.0,783171.0,761167.0,7821.999999999999,197.0
DISTRICT,Kota,Total,805.0,69.0,11.0,396501.0,1951014.0,1021161.0,929853.0,5217.0,374.0
DISTRICT,Baran,Total,1114.0,107.0,8.0,241428.0,1222755.0,633945.0,588810.0,6992.0,175.0
DISTRICT,Jhalawar,Total,1488.0,118.0,9.0,283295.0,1411129.0,725143.0,685986.0,6219.0,227.0
DISTRICT,Udaipur,Total,2471.0,8.0,17.0,623531.0,3068420.0,1566801.0,1501619.0,11724.0,262.0
DISTRICT,Pratapgarh,Total,970.0,33.0,3.0,178726.0,867848.0,437744.0,430104.0,4449.0,195.0
DISTRICT,Saharanpur,Total,1243.0,329.0,16.0,597656.0,3466382.0,1834106.0,1632276.0,3689.0,940.0
DISTRICT,Muzaffarnagar,Total,880.0,139.0,27.0,676642.0,4143512.0,2193434.0,1950078.0,4008.0,1034.0
DISTRICT,Bijnor,Total,2186.0,798.0,26.0,633197.0,3682713.0,1921215.0,1761498.0,4561.0,807.0
DISTRICT,Moradabad,Total,1550.0,243.0,17.0,796170.0,4772006.0,2503186.0,2268820.0,3718.0,1283.0
DISTRICT,Rampur,Total,1108.0,55.0,10.0,393736.0,2335819.0,1223889.0,1111930.0,2367.0,987.0
DISTRICT,Jyotiba Phule Nagar,Total,959.0,164.0,9.0,314401.0,1840221.0,963449.0,876772.0,2249.0,818.0
DISTRICT,Meerut,Total,604.0,59.0,18.0,579110.0,3443689.0,1825743.0,1617946.0,2559.0,1346.0
DISTRICT,Baghpat,Total,290.0,25.0,8.0,209916.0,1303048.0,700070.0,602978.0,1321.0,986.0
DISTRICT,Ghaziabad,Total,511.0,36.0,26.0,850676.0,4681645.0,2488834.0,2192811.0,1179.0,3971.0
DISTRICT,Gautam Buddha Nagar,Total,304.0,16.0,13.0,327090.0,1648115.0,890214.0,757901.0,1282.0,1286.0
DISTRICT,Bulandshahr ,Total,1174.0,68.0,21.0,587529.0,3499171.0,1845260.0,1653911.0,4512.0,776.0
DISTRICT,Aligarh,Total,1170.0,29.0,24.0,611371.0,3673889.0,1951996.0,1721893.0,3650.0,1007.0
DISTRICT,Mahamaya Nagar,Total,655.0,14.0,12.0,260860.0,1564708.0,836127.0,728581.0,1840.0,850.0
DISTRICT,Mathura,Total,730.0,144.0,25.0,423125.0,2547184.0,1367125.0,1180059.0,3340.0,763.0
DISTRICT,Agra,Total,893.0,36.0,27.0,710566.0,4418797.0,2364953.0,2053844.0,4041.0,1093.0
DISTRICT,Firozabad,Total,790.0,17.0,9.0,414266.0,2498156.0,1332046.0,1166110.0,2407.0,1038.0
DISTRICT,Mainpuri,Total,820.0,31.0,9.0,313690.0,1868529.0,993377.0,875152.0,2760.0,677.0
DISTRICT,Budaun,Total,1785.0,276.0,23.0,615776.0,3681896.0,1967759.0,1714137.0,5168.0,712.0
DISTRICT,Bareilly,Total,1855.0,196.0,31.0,756784.0,4448359.0,2357665.0,2090694.0,4120.0,1080.0
DISTRICT,Pilibhit,Total,1295.0,140.0,11.0,362573.0,2031007.0,1072002.0,959005.0,3686.0,551.0
DISTRICT,Shahjahanpur,Total,2088.0,240.0,11.0,527501.0,3006538.0,1606403.0,1400135.0,4388.0,685.0
DISTRICT,Kheri,Total,1706.0,88.0,14.0,745077.0,4021243.0,2123187.0,1898056.0,7680.0,524.0
DISTRICT,Sitapur,Total,2317.0,31.0,12.0,801764.0,4483992.0,2375264.0,2108728.0,5743.0,781.0
DISTRICT,Hardoi,Total,1907.0,163.0,13.0,730442.0,4092845.0,2191442.0,1901403.0,5986.0,684.0
DISTRICT,Unnao,Total,1693.0,102.0,21.0,588533.0,3108367.0,1630087.0,1478280.0,4558.0,682.0
DISTRICT,Lucknow,Total,803.0,4.0,12.0,860703.0,4589838.0,2394476.0,2195362.0,2528.0,1816.0
DISTRICT,Rae Bareli,Total,1733.0,40.0,9.0,619707.0,3405559.0,1752542.0,1653017.0,4609.0,739.0
DISTRICT,Farrukhabad,Total,872.0,133.0,9.0,314144.0,1885204.0,1006240.0,878964.0,2181.0,864.0
DISTRICT,Kannauj,Total,688.0,64.0,8.0,280928.0,1656616.0,881776.0,774840.0,2093.0,792.0
DISTRICT,Etawah,Total,686.0,6.0,6.0,277527.0,1581810.0,845856.0,735954.0,2311.0,684.0
DISTRICT,Auraiya,Total,769.0,70.0,9.0,248197.0,1379545.0,740040.0,639505.0,2016.0,684.0
DISTRICT,Kanpur Dehat,Total,966.0,63.0,12.0,329817.0,1796184.0,963255.0,832929.0,3021.0,595.0
DISTRICT,Kanpur Nagar,Total,902.0,101.0,10.0,863338.0,4581268.0,2459806.0,2121462.0,3155.0,1452.0
DISTRICT,Jalaun ,Total,942.0,209.0,10.0,288338.0,1689974.0,906092.0,783882.0,4565.0,370.0
DISTRICT,Jhansi,Total,745.0,71.0,19.0,367779.0,1998603.0,1057436.0,941167.0,5024.0,398.0
DISTRICT,Lalitpur,Total,691.0,61.0,6.0,222094.0,1221592.0,641011.0,580581.0,5039.0,242.0
DISTRICT,Hamirpur,Total,497.0,130.0,7.0,204863.0,1104285.0,593537.0,510748.0,4021.0,275.0
DISTRICT,Mahoba,Total,435.0,86.0,5.0,158435.0,875958.0,466358.0,409600.0,3144.0,279.0
DISTRICT,Banda,Total,657.0,37.0,8.0,319963.0,1799410.0,965876.0,833534.0,4408.0,408.0
DISTRICT,Chitrakoot,Total,562.0,94.0,4.0,168232.0,991730.0,527721.0,464009.0,3216.0,308.0
DISTRICT,Fatehpur,Total,1352.0,163.0,7.0,472238.0,2632733.0,1384722.0,1248011.0,4152.0,634.0
DISTRICT,Pratapgarh,Total,2183.0,34.0,9.0,533546.0,3209141.0,1606085.0,1603056.0,3717.0,863.0
DISTRICT,Kaushambi,Total,729.0,139.0,9.0,277851.0,1599596.0,838485.0,761111.0,1779.0,899.0
DISTRICT,Allahabad ,Total,2809.0,244.0,25.0,976733.0,5954391.0,3131807.0,2822584.0,5482.0,1086.0
DISTRICT,Bara Banki,Total,1817.0,22.0,15.0,579058.0,3260699.0,1707073.0,1553626.0,4402.0,741.0
DISTRICT,Faizabad,Total,1235.0,29.0,10.0,423375.0,2470996.0,1259628.0,1211368.0,2341.0,1056.0
DISTRICT,Ambedkar Nagar,Total,1649.0,101.0,7.0,368728.0,2397888.0,1212410.0,1185478.0,2350.0,1020.0
DISTRICT,Sultanpur,Total,2498.0,29.0,11.0,623523.0,3797117.0,1914586.0,1882531.0,4436.0,856.0
DISTRICT,Bahraich,Total,1359.0,31.0,5.0,603754.0,3487731.0,1843884.0,1643847.0,5237.0,666.0
DISTRICT,Shrawasti,Total,509.0,32.0,2.0,188289.0,1117361.0,593897.0,523464.0,1640.0,681.0
DISTRICT,Balrampur,Total,998.0,17.0,6.0,323881.0,2148665.0,1114721.0,1033944.0,3349.0,642.0
DISTRICT,Gonda,Total,1812.0,5.0,10.0,541247.0,3433919.0,1787146.0,1646773.0,4003.0,858.0
DISTRICT,Siddharthnagar,Total,2336.0,169.0,8.0,379351.0,2559297.0,1295095.0,1264202.0,2895.0,884.0
DISTRICT,Basti,Total,3160.0,188.0,3.0,382212.0,2464464.0,1255272.0,1209192.0,2688.0,917.0
DISTRICT,Sant Kabir Nagar,Total,1582.0,144.0,6.0,256645.0,1715183.0,869656.0,845527.0,1646.0,1042.0
DISTRICT,Mahrajganj,Total,1212.0,50.0,7.0,426565.0,2684703.0,1381754.0,1302949.0,2952.0,909.0
DISTRICT,Gorakhpur,Total,2937.0,382.0,14.0,692960.0,4440895.0,2277777.0,2163118.0,3321.0,1337.0
DISTRICT,Kushinagar,Total,1579.0,60.0,8.0,561062.0,3564544.0,1818055.0,1746489.0,2905.0,1227.0
DISTRICT,Deoria,Total,2019.0,143.0,10.0,468346.0,3100946.0,1537436.0,1563510.0,2540.0,1221.0
DISTRICT,Azamgarh,Total,3800.0,301.0,20.0,665232.0,4613913.0,2285004.0,2328909.0,4054.0,1138.0
DISTRICT,Mau,Total,1499.0,111.0,14.0,324424.0,2205968.0,1114709.0,1091259.0,1713.0,1288.0
DISTRICT,Ballia,Total,1843.0,518.0,11.0,480268.0,3239774.0,1672902.0,1566872.0,2981.0,1087.0
DISTRICT,Jaunpur,Total,3287.0,94.0,13.0,663513.0,4494204.0,2220465.0,2273739.0,4038.0,1113.0
DISTRICT,Ghazipur,Total,2740.0,627.0,8.0,546664.0,3620268.0,1855075.0,1765193.0,3377.0,1072.0
DISTRICT,Chandauli,Total,1425.0,204.0,11.0,296804.0,1952756.0,1017905.0,934851.0,2541.0,768.0
DISTRICT,Varanasi,Total,1258.0,37.0,39.0,560162.0,3676841.0,1921857.0,1754984.0,1535.0,2395.0
DISTRICT,Sant Ravidas Nagar (Bhadohi),Total,1087.0,130.0,11.0,222403.0,1578213.0,807099.0,771114.0,1015.0,1555.0
DISTRICT,Mirzapur,Total,1745.0,216.0,10.0,394925.0,2496970.0,1312302.0,1184668.0,4405.0,567.0
DISTRICT,Sonbhadra,Total,1391.0,38.0,18.0,333174.0,1862559.0,971344.0,891215.0,6905.0,270.0
DISTRICT,Etah,Total,853.0,29.0,10.0,290683.0,1774480.0,947339.0,827141.0,2431.0,730.0
DISTRICT,Kanshiram Nagar,Total,650.0,65.0,11.0,237903.0,1436719.0,764165.0,672554.0,1955.0,735.0
DISTRICT,Pashchim Champaran,Total,1365.0,118.0,8.0,710461.0,3935042.0,2061110.0,1873932.0,5228.0,753.0
DISTRICT,Purba Champaran,Total,1252.0,41.0,10.0,981516.0,5099371.0,2681209.0,2418162.0,3968.0,1285.0
DISTRICT,Sheohar,Total,191.0,12.0,1.0,150144.0,656246.0,346673.0,309573.0,349.0,1880.0
DISTRICT,Sitamarhi,Total,808.0,26.0,8.0,736322.0,3423574.0,1803252.0,1620322.0,2294.0,1492.0
DISTRICT,Madhubani,Total,1040.0,70.0,6.0,898515.0,4487379.0,2329313.0,2158066.0,3501.0,1282.0
DISTRICT,Supaul,Total,526.0,25.0,3.0,443073.0,2229076.0,1155283.0,1073793.0,2425.0,919.0
DISTRICT,Araria,Total,716.0,26.0,3.0,568142.0,2811569.0,1463333.0,1348236.0,2830.0,993.0
DISTRICT,Kishanganj,Total,732.0,39.0,3.0,338445.0,1690400.0,866970.0,823430.0,1884.0,897.0
DISTRICT,Purnia,Total,1113.0,160.0,3.0,647777.0,3264619.0,1699370.0,1565249.0,3229.0,1011.0
DISTRICT,Katihar,Total,1306.0,234.0,3.0,619076.0,3071029.0,1600430.0,1470599.0,3057.0,1005.0
DISTRICT,Madhepura,Total,380.0,59.0,3.0,401289.0,2001762.0,1047559.0,954203.0,1788.0,1120.0
DISTRICT,Saharsa,Total,445.0,23.0,1.0,368979.0,1900661.0,997174.0,903487.0,1687.0,1127.0
DISTRICT,Darbhanga,Total,1069.0,178.0,4.0,803012.0,3937385.0,2059949.0,1877436.0,2279.0,1728.0
DISTRICT,Muzaffarpur,Total,1719.0,67.0,9.0,945703.0,4801062.0,2527497.0,2273565.0,3172.0,1514.0
DISTRICT,Gopalganj,Total,1395.0,139.0,5.0,413044.0,2562012.0,1267666.0,1294346.0,2033.0,1260.0
DISTRICT,Siwan,Total,1435.0,95.0,3.0,535661.0,3330464.0,1675090.0,1655374.0,2219.0,1501.0
DISTRICT,Saran,Total,1570.0,194.0,6.0,631097.0,3951862.0,2022821.0,1929041.0,2641.0,1496.0
DISTRICT,Vaishali,Total,1422.0,147.0,3.0,626087.0,3495021.0,1844535.0,1650486.0,2036.0,1717.0
DISTRICT,Samastipur,Total,1129.0,117.0,7.0,835493.0,4261566.0,2230003.0,2031563.0,2904.0,1467.0
DISTRICT,Begusarai,Total,694.0,446.0,10.0,589667.0,2970541.0,1567660.0,1402881.0,1918.0,1549.0
DISTRICT,Khagaria,Total,245.0,56.0,2.0,328823.0,1666886.0,883786.0,783100.0,1486.0,1122.0
DISTRICT,Bhagalpur,Total,966.0,549.0,10.0,564711.0,3037766.0,1615663.0,1422103.0,2569.0,1182.0
DISTRICT,Banka,Total,1702.0,409.0,2.0,381601.0,2034763.0,1067140.0,967623.0,3020.0,674.0
DISTRICT,Munger,Total,534.0,324.0,7.0,263171.0,1367765.0,729041.0,638724.0,1419.0,964.0
DISTRICT,Lakhisarai,Total,362.0,110.0,2.0,163355.0,1000912.0,526345.0,474567.0,1228.0,815.0
DISTRICT,Sheikhpura,Total,261.0,53.0,2.0,100701.0,636342.0,329743.0,306599.0,689.0,924.0
DISTRICT,Nalanda,Total,1003.0,52.0,6.0,477529.0,2877653.0,1497060.0,1380593.0,2355.0,1222.0
DISTRICT,Patna,Total,1264.0,124.0,22.0,975578.0,5838465.0,3078512.0,2759953.0,3202.0,1823.0
DISTRICT,Bhojpur,Total,997.0,220.0,6.0,416090.0,2728407.0,1430380.0,1298027.0,2395.0,1139.0
DISTRICT,Buxar,Total,835.0,298.0,3.0,261660.0,1706352.0,887977.0,818375.0,1703.0,1002.0
DISTRICT,Kaimur (Bhabua),Total,1337.0,358.0,3.0,250884.0,1626384.0,847006.0,779378.0,3332.0,488.0
DISTRICT,Rohtas,Total,1717.0,355.0,10.0,460345.0,2959918.0,1543546.0,1416372.0,3881.0,763.0
DISTRICT,Aurangabad,Total,1742.0,105.0,6.0,391898.0,2540073.0,1318684.0,1221389.0,3305.0,769.0
DISTRICT,Gaya,Total,2682.0,204.0,6.0,688425.0,4391418.0,2266566.0,2124852.0,4976.0,883.0
DISTRICT,Nawada,Total,955.0,129.0,5.0,338247.0,2219146.0,1144668.0,1074478.0,2494.0,890.0
DISTRICT,Jamui,Total,1324.0,179.0,5.0,307082.0,1760405.0,916064.0,844341.0,3098.0,568.0
DISTRICT,Jehanabad ,Total,541.0,43.0,2.0,181740.0,1125313.0,585582.0,539731.0,931.0,1209.0
DISTRICT,Arwal,Total,299.0,17.0,1.0,118222.0,700843.0,363497.0,337346.0,638.0,1099.0
DISTRICT,North  District,Total,52.0,3.0,1.0,8873.0,43709.0,24730.0,18979.0,4226.0,10.0
DISTRICT,West District,Total,119.0,6.0,2.0,28023.0,136435.0,70238.0,66197.0,1166.0,117.0
DISTRICT,South District,Total,140.0,8.0,2.0,30543.0,146850.0,76670.0,70180.0,750.0,196.0
DISTRICT,East District,Total,114.0,9.0,4.0,61567.0,283583.0,151432.0,132151.0,954.0,297.0
DISTRICT,Tawang,Total,218.0,17.0,1.0,10062.0,49977.0,29151.0,20826.0,2172.0,23.009668508287294
DISTRICT,West Kameng,Total,260.0,23.0,3.0,18159.0,83947.0,46155.0,37792.0,7422.0,11.310563190514687
DISTRICT,East Kameng,Total,356.0,26.0,1.0,14508.0,78690.0,38775.0,39915.0,4134.0,19.034833091436866
DISTRICT,Papum Pare,Total,455.0,30.0,3.0,35730.0,176573.0,89182.0,87391.0,3462.0,51.00317735413056
DISTRICT,Upper Subansiri,Total,543.0,10.0,1.0,15869.0,83448.0,41758.0,41690.0,7032.000000000002,11.866894197952215
DISTRICT,West Siang,Total,444.0,17.0,2.0,21231.0,112274.0,58168.0,54106.0,8325.0,13.486366366366367
DISTRICT,East Siang,Total,150.0,1.0,2.0,19107.0,99214.0,50116.0,49098.0,3603.0037693964196,27.536468555130174
DISTRICT,Upper Siang,Total,98.0,14.0,1.0,7324.0,35320.0,18699.0,16621.0,6589.999999999998,5.3596358118361165
DISTRICT,Changlang,Total,347.0,15.0,3.0,29521.0,148226.0,76948.0,71278.0,4662.0,31.794508794508793
DISTRICT,Tirap,Total,189.0,1.0,3.0,20611.0,111975.0,57604.0,54371.0,2362.0,47.40685859441152
DISTRICT,Lower Subansiri,Total,536.0,42.0,1.0,15249.0,83030.0,41843.0,41187.0,3507.9999999999995,23.668757126567847
DISTRICT,Kurung Kumey,Total,700.0,36.0,1.0,15037.0,92076.0,45318.0,46758.0,6040.0,15.244370860927152
DISTRICT,Dibang Valley,Total,134.0,8.0,1.0,1952.0,8004.0,4414.0,3590.0,9129.000000000002,0.8767663489976995
DISTRICT,Lower Dibang Valley,Total,264.0,50.0,1.0,11600.0,54080.0,28053.0,26027.0,3899.99820262115,13.866673057349967
DISTRICT,Lohit,Total,286.0,14.0,2.0,30005.0,145726.0,76221.0,69505.0,5212.0,27.95970836531082
DISTRICT,Anjaw,Total,278.0,27.0,1.0,4612.0,21167.0,11507.0,9660.0,6190.0,3.4195476575121164
DISTRICT,Mon,Total,131.0,0.0,2.0,41978.0,250260.0,131753.0,118507.0,1786.0,140.1231802911534
DISTRICT,Mokokchung,Total,107.0,1.0,4.0,42690.0,194622.0,101092.0,93530.0,1614.9999999999998,120.5089783281734
DISTRICT,Zunheboto,Total,191.0,0.0,2.0,27835.0,140757.0,71217.0,69540.0,1255.0,112.15697211155378
DISTRICT,Wokha,Total,151.0,2.0,1.0,31891.0,166343.0,84505.0,81838.0,1627.9999999999998,102.17628992628994
DISTRICT,Dimapur ,Total,219.0,3.0,7.0,78605.0,378811.0,197394.0,181417.0,927.0000000000001,408.64185544768065
DISTRICT,Phek,Total,117.0,0.0,2.0,36639.0,163418.0,83743.0,79675.0,2025.9999999999995,80.66041461006913
DISTRICT,Tuensang,Total,138.0,6.0,1.0,36742.0,196596.0,101933.0,94663.0,2536.0,77.52208201892745
DISTRICT,Longleng,Total,49.0,0.0,1.0,11985.0,50484.0,26502.0,23982.0,562.0,89.82918149466192
DISTRICT,Kiphire,Total,90.0,6.0,1.0,14771.0,74004.0,37830.0,36174.0,1130.0,65.49026548672566
DISTRICT,Kohima,Total,105.0,0.0,3.0,54391.0,267988.0,138966.0,129022.0,1463.0,183.17703349282297
DISTRICT,Peren,Total,102.0,10.0,2.0,18475.0,95219.0,49714.0,45505.0,1651.0,57.673531193216235
DISTRICT,Senapati,Total,669.0,17.0,1.0,83411.0,479148.0,247323.0,231825.0,3271.0,146.48364414552125
DISTRICT,Tamenglong ,Total,174.0,1.0,1.0,25039.0,140651.0,72371.0,68280.0,4391.0,32.03165565930312
DISTRICT,Churachandpur,Total,596.0,4.0,3.0,49089.0,274143.0,138820.0,135323.0,4570.0,59.98752735229759
DISTRICT,Bishnupur,Total,48.0,1.0,7.0,46580.0,237399.0,118782.0,118617.0,496.0,478.62701612903226
DISTRICT,Thoubal,Total,87.0,16.0,9.0,85965.0,422168.0,210845.0,211323.0,514.0,821.3385214007782
DISTRICT,Imphal West,Total,107.0,17.0,13.0,111156.0,517992.0,255054.0,262938.0,519.0,998.0578034682081
DISTRICT,Imphal East,Total,191.0,4.0,15.0,92124.0,456113.0,226094.0,230019.0,709.0,643.3187588152327
DISTRICT,Ukhrul,Total,213.0,0.0,1.0,35694.0,183998.0,94718.0,89280.0,4544.0,40.4925176056338
DISTRICT,Chandel,Total,430.0,7.0,1.0,28801.0,144182.0,74579.0,69603.0,3313.0,43.520072441895564
DISTRICT,Mamit,Total,86.0,37.0,3.0,17731.0,86364.0,44828.0,41536.0,3025.0,28.550082644628098
DISTRICT,Kolasib,Total,34.0,15.0,4.0,17270.0,83955.0,42918.0,41037.0,1382.0,60.74891461649783
DISTRICT,Aizawl,Total,94.0,10.0,4.0,82524.0,400309.0,199270.0,201039.0,3576.0,111.9432326621924
DISTRICT,Champhai,Total,83.0,7.0,4.0,25520.0,125745.0,63388.0,62357.0,3185.0,39.480376766091055
DISTRICT,Serchhip,Total,35.0,5.0,3.0,12622.0,64937.0,32851.0,32086.0,1421.0,45.69809992962702
DISTRICT,Lunglei,Total,161.0,34.0,3.0,33058.0,161428.0,82891.0,78537.0,4536.0,35.58818342151675
DISTRICT,Lawngtlai,Total,159.0,9.0,1.0,22984.0,117894.0,60599.0,57295.0,2557.0,46.106374657802114
DISTRICT,Saiha,Total,52.0,9.0,1.0,11144.0,56574.0,28594.0,27980.0,1399.0,40.438884917798426
DISTRICT,West Tripura ,Total,281.0,6.0,21.0,410565.0,1725739.0,879428.0,846311.0,2993.0,576.5917139993318
DISTRICT,South Tripura ,Total,268.0,2.0,10.0,208127.0,876001.0,447544.0,428457.0,3057.0,286.555773634282
DISTRICT,Dhalai,Total,148.0,4.0,4.0,84509.0,378230.0,194544.0,183686.0,2400.0,157.59583333333333
DISTRICT,North Tripura,Total,166.0,0.0,7.0,152355.0,693947.0,352860.0,341087.0,2036.0,340.8384086444008
DISTRICT,West Garo Hills,Total,1577.0,86.0,1.0,123352.0,643291.0,324159.0,319132.0,3677.0,174.94995920587436
DISTRICT,East Garo Hills,Total,1058.0,52.0,2.0,58328.0,317917.0,161223.0,156694.0,2603.0,122.13484441029581
DISTRICT,South Garo Hills,Total,731.0,73.0,1.0,24527.0,142334.0,73170.0,69164.0,1887.0,75.42872284048755
DISTRICT,West Khasi Hills,Total,1093.0,22.0,2.0,64906.0,383461.0,193715.0,189746.0,5247.0,73.08195159138555
DISTRICT,Ribhoi,Total,579.0,56.0,2.0,46872.0,258840.0,132531.0,126309.0,2448.0,105.73529411764706
DISTRICT,East Khasi Hills,Total,923.0,52.0,13.0,164046.0,825922.0,410749.0,415173.0,2748.0,300.55385735080057
DISTRICT,Jaintia Hills,Total,498.0,39.0,1.0,66028.0,395124.0,196285.0,198839.0,3819.0,103.46268656716418
DISTRICT,Kokrajhar,Total,1053.0,15.0,4.0,181081.0,887142.0,452905.0,434237.0,3296.0,269.15716019417476
DISTRICT,Dhubri,Total,1052.0,39.0,9.0,414674.0,1949258.0,997848.0,951410.0,2176.0000000000005,895.7987132352939
DISTRICT,Goalpara,Total,779.0,50.0,11.0,198454.0,1008183.0,513292.0,494891.0,1824.0000000000002,552.7319078947368
DISTRICT,Barpeta,Total,825.0,10.0,9.0,337929.0,1693622.0,867004.0,826618.0,2282.0,742.1656441717791
DISTRICT,Morigaon,Total,598.0,34.0,6.0,184602.0,957423.0,486651.0,470772.0,1551.0,617.2940038684719
DISTRICT,Nagaon,Total,1361.0,51.0,17.0,559340.0,2823768.0,1439112.0,1384656.0,3973.0,710.7394915680845
DISTRICT,Sonitpur,Total,1798.0,78.0,8.0,392919.0,1924110.0,983904.0,940206.0,5204.0,369.7367409684858
DISTRICT,Lakhimpur,Total,1146.0,38.0,4.0,204307.0,1042137.0,529674.0,512463.0,2277.0,457.6798418972332
DISTRICT,Dhemaji,Total,1264.0,55.0,4.0,129869.0,686133.0,351249.0,334884.0,3236.9999999999995,211.9657089898054
DISTRICT,Tinsukia,Total,1136.0,32.0,13.0,268598.0,1327929.0,680231.0,647698.0,3790.0,350.37704485488126
DISTRICT,Dibrugarh,Total,1318.0,30.0,9.0,276867.0,1326335.0,676434.0,649901.0,3381.0,392.29074238391007
DISTRICT,Sivasagar,Total,862.0,13.0,7.0,248367.0,1151050.0,589216.0,561834.0,2668.0,431.428035982009
DISTRICT,Jorhat,Total,763.0,85.0,11.0,236262.0,1092256.0,556805.0,535451.0,2851.0,383.11329358119957
DISTRICT,Golaghat,Total,1032.0,93.0,7.0,227197.0,1066888.0,543161.0,523727.0,3502.0,304.6510565391205
DISTRICT,Karbi Anglong,Total,2712.0,209.0,7.0,177646.0,956313.0,490167.0,466146.0,10434.0,91.65353651523864
DISTRICT,Dima Hasao,Total,676.0,19.0,4.0,42252.0,214102.0,110802.0,103300.0,4888.0,43.80155482815057
DISTRICT,Cachar,Total,998.0,42.0,19.0,379955.0,1736617.0,886284.0,850333.0,3786.0,458.6944004226096
DISTRICT,Karimganj,Total,915.0,21.0,7.0,247714.0,1228686.0,625864.0,602822.0,1809.0,679.2072968490879
DISTRICT,Hailakandi,Total,330.0,1.0,3.0,143350.0,659296.0,337890.0,321406.0,1327.0,496.8319517709118
DISTRICT,Bongaigaon,Total,535.0,28.0,5.0,150018.0,738804.0,375818.0,362986.0,1093.0,675.9414455626716
DISTRICT,Chirang,Total,501.0,7.0,3.0,97395.0,482162.0,244860.0,237302.0,1923.0,250.73426937077483
DISTRICT,Kamrup,Total,1037.0,31.0,16.0,311114.0,1517542.0,778461.0,739081.0,3105.0,488.741384863124
DISTRICT,Kamrup Metropolitan,Total,204.0,12.0,12.0,293112.0,1253938.0,647585.0,606353.0,955.0,1313.0240837696335
DISTRICT,Nalbari,Total,455.0,1.0,11.0,155248.0,771639.0,396006.0,375633.0,1052.0,733.4971482889733
DISTRICT,Baksa,Total,679.0,11.0,2.0,191701.0,950075.0,481330.0,468745.0,2457.0,386.68091168091166
DISTRICT,Darrang,Total,552.0,9.0,3.0,187783.0,928500.0,475273.0,453227.0,1585.0,585.8044164037855
DISTRICT,Udalguri,Total,791.0,9.0,3.0,168717.0,831668.0,421617.0,410051.0,2012.0,413.3538767395626
DISTRICT,Darjiling ,Total,616.0,71.0,29.0,391234.0,1846823.0,937259.0,909564.0,3149.0,586.4791997459511
DISTRICT,Jalpaiguri ,Total,718.0,15.0,39.0,868326.0,3872846.0,1983064.0,1889782.0,6227.0,621.944114340774
DISTRICT,Koch Bihar ,Total,1132.0,62.0,18.0,665720.0,2819086.0,1451542.0,1367544.0,3387.0,832.3253616770003
DISTRICT,Uttar Dinajpur,Total,1475.0,19.0,9.0,605674.0,3007134.0,1551066.0,1456068.0,3140.0,957.6859872611465
DISTRICT,Dakshin Dinajpur,Total,1582.0,49.0,7.0,396406.0,1676276.0,857199.0,819077.0,2219.0,755.4195583596214
DISTRICT,Maldah ,Total,1613.0,158.0,29.0,846991.0,3988845.0,2051541.0,1937304.0,3733.0,1068.536030002679
DISTRICT,Murshidabad ,Total,1886.0,280.0,72.0,1570759.0,7103807.0,3627564.0,3476243.0,5324.0,1334.2988354620586
DISTRICT,Birbhum,Total,2242.0,213.0,20.0,817899.0,3502404.0,1790920.0,1711484.0,4545.0,770.6059405940595
DISTRICT,Barddhaman ,Total,2418.0,84.0,96.0,1730927.0,7717563.0,3966889.0,3750674.0,7024.0,1098.7418849658313
DISTRICT,Nadia ,Total,1216.0,91.0,65.0,1232282.0,5167600.0,2653768.0,2513832.0,3927.0,1315.9154570919277
DISTRICT,North Twenty Four Parganas,Total,1518.0,9.0,107.0,2348683.0,10009781.0,5119389.0,4890392.0,4094.0,2444.9880312652663
DISTRICT,Hugli ,Total,1842.0,24.0,77.0,1287423.0,5519145.0,2814653.0,2704492.0,3149.0,1752.6659256906955
DISTRICT,Bankura ,Total,3585.0,238.0,12.0,766902.0,3596674.0,1838095.0,1758579.0,6882.0,522.6204591688463
DISTRICT,Puruliya,Total,2459.0,208.0,28.0,567824.0,2930115.0,1496996.0,1433119.0,6259.0,468.14427224796293
DISTRICT,Haora ,Total,644.0,6.0,138.0,1061336.0,4850029.0,2500819.0,2349210.0,1467.0,3306.0865712338104
DISTRICT,Kolkata,Total,0.0,0.0,1.0,1024928.0,4496694.0,2356766.0,2139928.0,185.0,24306.454054054055
DISTRICT,South Twenty Four Parganas,Total,1994.0,48.0,118.0,1781221.0,8161961.0,4173778.0,3988183.0,9960.0,819.4739959839358
DISTRICT,Paschim Medinipur,Total,7600.0,1094.0,19.0,1301610.0,5913457.0,3007885.0,2905572.0,9368.0,631.240072587532
DISTRICT,Purba Medinipur,Total,2929.0,65.0,25.0,1114170.0,5095875.0,2629834.0,2466041.0,4712.999763774556,1081.2381191207203
DISTRICT,Garhwa ,Total,844.0,44.0,3.0,254697.0,1322784.0,683575.0,639209.0,4093.0,323.1820180796482
DISTRICT,Chatra,Total,1377.0,94.0,2.0,182271.0,1042886.0,533935.0,508951.0,3718.0,280.4965034965035
DISTRICT,Kodarma,Total,577.0,122.0,5.0,116155.0,716259.0,367222.0,349037.0,2540.0,281.99173228346456
DISTRICT,Giridih,Total,2558.0,191.0,12.0,396521.0,2445474.0,1258098.0,1187376.0,4962.0,492.8403869407497
DISTRICT,Deoghar,Total,2354.0,308.0,2.0,264347.0,1492073.0,775022.0,717051.0,2477.0,602.3710133225676
DISTRICT,Godda,Total,1688.0,614.0,3.0,253648.0,1313551.0,677927.0,635624.0,2266.0042121427036,579.677210201619
DISTRICT,Sahibganj,Total,1349.0,464.0,8.0,227023.0,1150567.0,589391.0,561176.0,2063.0,557.7154629180804
DISTRICT,Pakur,Total,1141.0,106.0,4.0,182317.0,900422.0,452661.0,447761.0,1811.0,497.1960242959691
DISTRICT,Dhanbad,Total,1075.0,84.0,46.0,507064.0,2684487.0,1405956.0,1278531.0,2040.0,1315.925
DISTRICT,Bokaro,Total,611.0,24.0,27.0,394918.0,2062330.0,1072807.0,989523.0,2883.0,715.3416579951439
DISTRICT,Lohardaga,Total,352.0,1.0,1.0,88638.0,461790.0,232629.0,229161.0,1502.0,307.45006657789617
DISTRICT,Purbi Singhbhum,Total,1609.0,139.0,15.0,476931.0,2293919.0,1176902.0,1117017.0,3562.0,643.9974733295901
DISTRICT,Palamu,Total,1711.0,159.0,9.0,358754.0,1939869.0,1006302.0,933567.0,4393.0,441.58183473708175
DISTRICT,Latehar,Total,749.0,20.0,4.0,133381.0,726978.0,369666.0,357312.0,4290.999999999999,169.4192495921697
DISTRICT,Hazaribagh,Total,1193.0,115.0,17.0,304749.0,1734495.0,890881.0,843614.0,3554.9999999999995,487.902953586498
DISTRICT,Ramgarh,Total,305.0,10.0,23.0,179375.0,949443.0,494230.0,455213.0,1341.001708025763,708.0102838927626
DISTRICT,Dumka,Total,2688.0,237.0,5.0,275019.0,1321442.0,668514.0,652928.0,3761.0000000000005,351.3538952406274
DISTRICT,Jamtara,Total,1082.0,79.0,3.0,155275.0,791042.0,404830.0,386212.0,1811.0,436.79845389287686
DISTRICT,Ranchi,Total,1296.0,15.0,15.0,569444.0,2914253.0,1494937.0,1419316.0,5097.0,571.758485383559
DISTRICT,Khunti,Total,754.0,2.0,2.0,103700.0,531885.0,266335.0,265550.0,2535.0032049617666,209.81630277979156
DISTRICT,Gumla,Total,942.0,4.0,3.0,188988.0,1025213.0,514390.0,510823.0,5360.000000000001,191.2710820895522
DISTRICT,Simdega,Total,449.0,1.0,1.0,118288.0,599578.0,300309.0,299269.0,3774.000303945145,158.8706814287302
DISTRICT,Pashchimi Singhbhum,Total,1642.0,31.0,11.0,302046.0,1502338.0,749385.0,752953.0,7223.996636703798,207.96493624691033
DISTRICT,Saraikela-Kharsawan,Total,1146.0,38.0,7.0,221232.0,1065056.0,544411.0,520645.0,2657.0037633799684,400.8485101448049
DISTRICT,Bargarh,Total,1179.0,27.0,8.0,370308.0,1481255.0,749161.0,732094.0,5837.0,253.76991605276683
DISTRICT,Jharsuguda,Total,347.0,4.0,5.0,136061.0,579505.0,296690.0,282815.0,2114.0,274.1272469252602
DISTRICT,Sambalpur,Total,1229.0,84.0,6.0,249597.0,1041099.0,526877.0,514222.0,6624.0,157.1707427536232
DISTRICT,Debagarh,Total,718.0,160.0,1.0,75452.0,312520.0,158230.0,154290.0,2940.0,106.29931972789116
DISTRICT,Sundargarh,Total,1713.0,49.0,14.0,479109.0,2093437.0,1061147.0,1032290.0,9712.0,215.55158566721582
DISTRICT,Kendujhar,Total,2064.0,59.0,9.0,405272.0,1801733.0,906487.0,895246.0,8303.0,216.9978321088763
DISTRICT,Mayurbhanj,Total,3751.0,199.0,5.0,586253.0,2519738.0,1256213.0,1263525.0,10418.0,241.86388942215396
DISTRICT,Baleshwar,Total,2635.0,297.0,5.0,533001.0,2320529.0,1185787.0,1134742.0,3806.0,609.7028376248029
DISTRICT,Bhadrak,Total,1250.0,62.0,4.0,306333.0,1506337.0,760260.0,746077.0,2505.0,601.3321357285429
DISTRICT,Kendrapara ,Total,1415.0,132.0,2.0,321934.0,1440361.0,717814.0,722547.0,2644.0,544.7658850226929
DISTRICT,Jagatsinghapur ,Total,1223.0,69.0,4.0,261307.0,1136971.0,577865.0,559106.0,1668.0,681.6372901678657
DISTRICT,Cuttack,Total,1854.0,96.0,11.0,579170.0,2624470.0,1352760.0,1271710.0,3932.0,667.4643947100712
DISTRICT,Jajapur  ,Total,1598.0,185.0,8.0,407851.0,1827192.0,926034.0,901158.0,2899.0,630.2835460503622
DISTRICT,Dhenkanal,Total,1081.0,127.0,5.0,279364.0,1192811.0,612593.0,580218.0,4452.0,267.92699910152743
DISTRICT,Anugul  ,Total,1654.0,217.0,18.0,297050.0,1273821.0,655718.0,618103.0,6375.0,199.8150588235294
DISTRICT,Nayagarh  ,Total,1541.0,151.0,9.0,228315.0,962789.0,502636.0,460153.0,3890.0,247.50359897172237
DISTRICT,Khordha ,Total,1356.0,178.0,13.0,494212.0,2251673.0,1167137.0,1084536.0,2813.0,800.4525417703519
DISTRICT,Puri,Total,1600.0,107.0,6.0,367269.0,1698730.0,865380.0,833350.0,3479.0,488.2811152630066
DISTRICT,Ganjam,Total,2783.0,412.0,39.0,758267.0,3529031.0,1779218.0,1749813.0,8206.0,430.0549597855228
DISTRICT,Gajapati,Total,1499.0,113.0,5.0,128523.0,577817.0,282882.0,294935.0,4325.0,133.5993063583815
DISTRICT,Kandhamal,Total,2417.0,170.0,4.0,172022.0,733110.0,359945.0,373165.0,8021.0,91.39882807629971
DISTRICT,Baudh,Total,1117.0,70.0,1.0,106961.0,441162.0,221625.0,219537.0,3098.0,142.40219496449322
DISTRICT,Subarnapur,Total,856.0,106.0,4.0,151136.0,610183.0,311312.0,298871.0,2337.0,261.0967051775781
DISTRICT,Balangir,Total,1751.0,32.0,8.0,414749.0,1648997.0,830097.0,818900.0,6575.0,250.79802281368822
DISTRICT,Nuapada,Total,656.0,12.0,2.0,152210.0,610382.0,301962.0,308420.0,3852.0,158.45846313603323
DISTRICT,Kalahandi,Total,2116.0,137.0,5.0,401251.0,1576869.0,787101.0,789768.0,7920.0,199.0996212121212
DISTRICT,Rayagada  ,Total,2468.0,197.0,7.0,226144.0,967911.0,471960.0,495951.0,7073.0,136.84589283189595
DISTRICT,Nabarangapur ,Total,868.0,23.0,5.0,273423.0,1220946.0,604812.0,616134.0,5291.0,230.75902475902475
DISTRICT,Koraput,Total,1941.0,101.0,7.0,337677.0,1379647.0,678809.0,700838.0,8807.0,156.65345747700692
DISTRICT,Malkangiri  ,Total,995.0,60.0,3.0,137599.0,613192.0,303624.0,309568.0,5791.0,105.8870661371093
DISTRICT,Koriya,Total,623.0,13.0,8.0,153274.0,658917.0,334737.0,324180.0,6604.0,99.77543912780133
DISTRICT,Surguja,Total,1746.0,4.0,16.0,526049.0,2359886.0,1193129.0,1166757.0,15732.0,150.00546656496314
DISTRICT,Jashpur ,Total,754.0,1.0,5.0,192570.0,851669.0,424747.0,426922.0,5838.0,145.88369304556355
DISTRICT,Raigarh,Total,1426.0,40.0,10.0,367962.0,1493984.0,750278.0,743706.0,7086.0,210.83601467682755
DISTRICT,Korba ,Total,707.0,12.0,7.0,280073.0,1206640.0,612915.0,593725.0,6598.0,182.87966050318278
DISTRICT,Janjgir - Champa,Total,881.0,11.0,15.0,364532.0,1619707.0,815717.0,803990.0,3853.0,420.3755515182974
DISTRICT,Bilaspur,Total,1566.0,33.0,20.0,600822.0,2663629.0,1351574.0,1312055.0,8272.0,322.0054400386847
DISTRICT,Kabeerdham,Total,957.0,49.0,6.0,178446.0,822526.0,412058.0,410468.0,4235.0,194.22101534828806
DISTRICT,Rajnandgaon,Total,1600.0,53.0,8.0,318488.0,1537133.0,762855.0,774278.0,8070.0,190.47496902106568
DISTRICT,Durg,Total,1761.0,12.0,25.0,701707.0,3343872.0,1682101.0,1661771.0,8535.0,391.7834797891037
DISTRICT,Raipur,Total,2094.0,55.0,26.0,871225.0,4063872.0,2048186.0,2015686.0,12383.0,328.18153920697733
DISTRICT,Mahasamund,Total,1112.0,33.0,6.0,248561.0,1032754.0,511967.0,520787.0,4790.0,215.6062630480167
DISTRICT,Dhamtari ,Total,619.0,30.0,6.0,170951.0,799781.0,397897.0,401884.0,4084.0,195.83276199804115
DISTRICT,Uttar Bastar Kanker,Total,1063.0,7.0,6.0,160937.0,748941.0,373338.0,375603.0,7161.0,104.58609132802681
DISTRICT,Bastar,Total,1128.0,22.0,6.0,311538.0,1413199.0,698487.0,714712.0,10470.0,134.97602674307547
DISTRICT,Narayanpur,Total,375.0,37.0,1.0,27982.0,139820.0,70104.0,69716.0,4653.0,30.04943047496239
DISTRICT,Dakshin Bastar Dantewada,Total,590.0,18.0,8.0,120850.0,533638.0,264142.0,269496.0,8298.0,64.30923114003375
DISTRICT,Bijapur,Total,565.0,129.0,3.0,54757.0,255230.0,128663.0,126567.0,8530.0,29.921453692848768
DISTRICT,Sheopur ,Total,516.0,66.0,3.0,146043.0,687861.0,361784.0,326077.0,6606.0,104.1267029972752
DISTRICT,Morena,Total,775.0,40.0,9.0,362646.0,1965970.0,1068417.0,897553.0,4989.0,394.06093405492084
DISTRICT,Bhind,Total,890.0,47.0,12.0,299233.0,1703005.0,926843.0,776162.0,4459.0,381.9253195783808
DISTRICT,Gwalior,Total,618.0,37.0,11.0,383845.0,2032036.0,1090327.0,941709.0,4560.0,445.6219298245614
DISTRICT,Datia,Total,586.0,45.0,5.0,160215.0,786754.0,420157.0,366597.0,2902.0,271.1075120606478
DISTRICT,Shivpuri,Total,1305.0,112.0,7.0,359969.0,1726050.0,919795.0,806255.0,10066.0,171.47327637591894
DISTRICT,Tikamgarh,Total,878.0,85.0,13.0,296116.0,1445166.0,760355.0,684811.0,5048.0,286.2848652931854
DISTRICT,Chhatarpur,Total,1085.0,102.0,16.0,356297.0,1762375.0,936121.0,826254.0,8687.0,202.87498561068264
DISTRICT,Panna,Total,947.0,64.0,6.0,228709.0,1016520.0,533480.0,483040.0,7135.0,142.46951646811493
DISTRICT,Sagar,Total,1901.0,174.0,20.0,517850.0,2378458.0,1256257.0,1122201.0,10252.0,231.9994147483418
DISTRICT,Damoh,Total,1176.0,34.0,9.0,297608.0,1264219.0,661873.0,602346.0,7306.0,173.03846153846155
DISTRICT,Satna,Total,1799.0,185.0,13.0,478741.0,2228935.0,1157495.0,1071440.0,7502.0,297.1121034390829
DISTRICT,Rewa,Total,2408.0,311.0,13.0,526065.0,2365106.0,1225100.0,1140006.0,6314.0,374.5812480202724
DISTRICT,Umaria,Total,594.0,59.0,7.0,145024.0,644758.0,330674.0,314084.0,4076.0,158.18400392541707
DISTRICT,Neemuch ,Total,675.0,123.0,10.0,179746.0,826067.0,422653.0,403414.0,4256.0,194.09468984962405
DISTRICT,Mandsaur,Total,893.0,40.0,11.0,286808.0,1340411.0,682851.0,657560.0,5535.0,242.17000903342367
DISTRICT,Ratlam,Total,1053.0,16.0,10.0,296683.0,1455069.0,738241.0,716828.0,4861.0,299.335321950216
DISTRICT,Ujjain,Total,1095.0,6.0,9.0,391438.0,1986864.0,1016289.0,970575.0,6091.0,326.1966836315876
DISTRICT,Shajapur,Total,1071.0,36.0,13.0,300025.0,1512681.0,780520.0,732161.0,6195.0,244.1777239709443
DISTRICT,Dewas,Total,1057.0,57.0,13.0,308871.0,1563715.0,805359.0,758356.0,7020.0,222.7514245014245
DISTRICT,Dhar,Total,1477.0,58.0,13.0,425914.0,2185793.0,1112725.0,1073068.0,8153.0,268.0967741935484
DISTRICT,Indore,Total,614.0,15.0,24.0,649540.0,3276697.0,1699627.0,1577070.0,3898.0,840.6097998973833
DISTRICT,Khargone (West Nimar),Total,1194.0,223.0,11.0,367988.0,1873046.0,953121.0,919925.0,8025.0,233.4013707165109
DISTRICT,Barwani ,Total,696.0,20.0,8.0,243277.0,1385881.0,699340.0,686541.0,5427.0,255.36779067624838
DISTRICT,Rajgarh,Total,1677.0,51.0,13.0,345297.0,1545814.0,790212.0,755602.0,6153.0,251.2293190313668
DISTRICT,Vidisha,Total,1536.0,78.0,7.0,299676.0,1458875.0,769568.0,689307.0,7371.0,197.92090625423958
DISTRICT,Bhopal,Total,501.0,18.0,3.0,501805.0,2371061.0,1236130.0,1134931.0,2772.0,855.3611111111111
DISTRICT,Sehore,Total,1031.0,41.0,8.0,257311.0,1311332.0,683743.0,627589.0,6578.0,199.35117056856188
DISTRICT,Raisen,Total,1424.0,61.0,12.0,278895.0,1331597.0,700358.0,631239.0,8466.0,157.28762107252538
DISTRICT,Betul,Total,1344.0,55.0,10.0,329832.0,1575362.0,799236.0,776126.0,10043.0,156.86169471273524
DISTRICT,Harda ,Total,511.0,56.0,3.0,113379.0,570465.0,294838.0,275627.0,3334.0,171.10527894421116
DISTRICT,Hoshangabad,Total,921.0,40.0,12.0,257199.0,1241350.0,648725.0,592625.0,6703.0,185.19319707593615
DISTRICT,Katni ,Total,905.0,42.0,4.0,289551.0,1292042.0,662013.0,630029.0,4950.0,261.0185858585859
DISTRICT,Jabalpur,Total,1377.0,47.0,24.0,539060.0,2463289.0,1277278.0,1186011.0,5211.0,472.7094607560929
DISTRICT,Narsimhapur,Total,1035.0,32.0,8.0,250286.0,1091854.0,568810.0,523044.0,5133.0,212.71264367816093
DISTRICT,Dindori ,Total,901.0,23.0,2.0,169630.0,704524.0,351913.0,352611.0,7470.0,94.31378848728247
DISTRICT,Mandla,Total,1203.0,18.0,8.0,250146.0,1054905.0,525272.0,529633.0,5800.0,181.8801724137931
DISTRICT,Chhindwara,Total,1906.0,59.0,24.0,443361.0,2090922.0,1064468.0,1026454.0,11815.0,176.97181548878544
DISTRICT,Seoni,Total,1579.0,8.0,6.0,314767.0,1379131.0,695879.0,683252.0,8758.0,157.47099794473624
DISTRICT,Balaghat,Total,1272.0,112.0,13.0,391836.0,1701698.0,842178.0,859520.0,9229.0,184.38595730848414
DISTRICT,Guna,Total,1264.0,74.0,5.0,244401.0,1241519.0,649362.0,592157.0,6390.0,194.29092331768388
DISTRICT,Ashoknagar,Total,818.0,81.0,4.0,172680.0,845071.0,443837.0,401234.0,4674.0,180.80252460419342
DISTRICT,Shahdol,Total,814.0,30.0,8.0,251452.0,1066063.0,540021.0,526042.0,6205.0,171.80709105560032
DISTRICT,Anuppur,Total,562.0,9.0,13.0,170715.0,749237.0,379114.0,370123.0,3747.0,199.95649853215906
DISTRICT,Sidhi,Total,1025.0,30.0,4.0,238448.0,1127033.0,575912.0,551121.0,4851.0,232.33003504432077
DISTRICT,Singrauli,Total,727.0,17.0,2.0,243925.0,1178273.0,613637.0,564636.0,5675.0,207.62519823788546
DISTRICT,Jhabua,Total,783.0,30.0,5.0,194157.0,1025048.0,515023.0,510025.0,3600.0,284.73555555555555
DISTRICT,Alirajpur,Total,538.0,5.0,4.0,123800.0,728999.0,362542.0,366457.0,3182.0,229.10087994971715
DISTRICT,Khandwa (East Nimar),Total,711.0,0.0,5.0,266655.0,1310061.0,674329.0,635732.0,7352.0,178.19110446137105
DISTRICT,Burhanpur,Total,261.0,2.0,3.0,146341.0,757847.0,388504.0,369343.0,3427.0,221.14006419608987
DISTRICT,Kachchh ^,Total,877.0,47.0,14.0,445672.0,2092371.0,1096737.0,995634.0,45674.0,45.81098655690327
DISTRICT,Banas Kantha,Total,1233.0,4.0,12.0,560411.0,3120506.0,1610379.0,1510127.0,10743.0,290.4687703620962
DISTRICT,Patan  ,Total,517.0,0.0,6.0,267633.0,1343734.0,694397.0,649337.0,5792.0,231.998273480663
DISTRICT,Mahesana,Total,597.0,9.0,10.0,424479.0,2035064.0,1056520.0,978544.0,4401.0,462.40945239718246
DISTRICT,Sabar Kantha,Total,1364.0,12.0,15.0,481414.0,2428589.0,1244231.0,1184358.0,7394.0,328.4540167703543
DISTRICT,Gandhinagar,Total,252.0,0.0,15.0,289990.0,1391753.0,723864.0,667889.0,2140.0,650.3518691588785
DISTRICT,Ahmadabad,Total,506.0,6.0,13.0,1510134.0,7214225.0,3788051.0,3426174.0,8107.0,889.8760330578513
DISTRICT,Surendranagar,Total,647.0,4.0,9.0,343213.0,1756268.0,909917.0,846351.0,10423.0,168.499280437494
DISTRICT,Rajkot,Total,833.0,2.0,23.0,786586.0,3804558.0,1974445.0,1830113.0,11198.0,339.7533488122879
DISTRICT,Jamnagar,Total,697.0,17.0,16.0,430941.0,2160119.0,1114192.0,1045927.0,14184.0,152.29265369430345
DISTRICT,Porbandar ,Total,179.0,3.0,6.0,124556.0,585449.0,300209.0,285240.0,2316.0,252.78454231433506
DISTRICT,Junagadh,Total,901.0,128.0,15.0,527326.0,2743082.0,1404356.0,1338726.0,8831.0,310.6196353753822
DISTRICT,Amreli,Total,614.0,2.0,10.0,294837.0,1514190.0,771049.0,743141.0,7397.0,204.70325807759903
DISTRICT,Bhavnagar,Total,783.0,10.0,21.0,538605.0,2880365.0,1490201.0,1390164.0,10034.0,287.06049431931433
DISTRICT,Anand  ,Total,347.0,0.0,15.0,427605.0,2092745.0,1087224.0,1005521.0,3204.0,653.166354556804
DISTRICT,Kheda,Total,615.0,3.0,12.0,466856.0,2299885.0,1185727.0,1114158.0,3953.0004877345373,581.8074161984389
DISTRICT,Panch Mahals,Total,1198.0,12.0,9.0,446611.0,2390776.0,1226961.0,1163815.0,5231.0,457.03995411967117
DISTRICT,Dohad  ,Total,691.0,1.0,6.0,334272.0,2127086.0,1068651.0,1058435.0,3642.0,584.043382756727
DISTRICT,Vadodara,Total,1533.0,4.0,25.0,877106.0,4165626.0,2153736.0,2011890.0,7546.0,552.03100980652
DISTRICT,Narmada,Total,558.0,51.0,5.0,122174.0,590297.0,301086.0,289211.0,2817.0,209.54810081647142
DISTRICT,Bharuch,Total,647.0,6.0,21.0,333483.0,1551019.0,805707.0,745312.0,6509.0,238.28836994930097
DISTRICT,The Dangs,Total,308.0,0.0,3.0,44699.0,228291.0,113821.0,114470.0,1765.9999973032948,129.27010212265196
DISTRICT,Navsari  ,Total,372.0,0.0,13.0,295131.0,1329672.0,678165.0,651507.0,2246.0,592.0178094390027
DISTRICT,Valsad,Total,433.0,1.0,28.0,364403.0,1705678.0,887222.0,818456.0,3008.0,567.0472074468086
DISTRICT,Surat,Total,690.0,23.0,22.0,1333200.0,6081322.0,3402224.0,2679098.0,4549.0,1336.848098483183
DISTRICT,Tapi,Total,451.0,37.0,4.0,177091.0,807022.0,402188.0,404834.0,3139.0,257.0952532653711
DISTRICT,Diu,Total,4.0,0.0,1.0,10580.0,52074.0,25642.0,26432.0,39.0,1335.2307692307693
DISTRICT,Daman,Total,15.0,0.0,7.0,50376.0,191173.0,124659.0,66514.0,72.0,2655.1805555555557
DISTRICT,Dadra & Nagar Haveli,Total,65.0,0.0,6.0,76458.0,343709.0,193760.0,149949.0,491.0,700.0183299389003
DISTRICT,Nandurbar,Total,930.0,13.0,9.0,323521.0,1648295.0,833170.0,815125.0,5955.0,276.791771620487
DISTRICT,Dhule,Total,674.0,4.0,8.0,408874.0,2050862.0,1054031.0,996831.0,7195.0,285.03988881167476
DISTRICT,Jalgaon,Total,1487.0,26.0,20.0,903643.0,4229917.0,2197365.0,2032552.0,11765.0,359.5339566510837
DISTRICT,Buldana,Total,1300.0,144.0,12.0,561504.0,2586258.0,1337560.0,1248698.0,9661.0,267.70085912431426
DISTRICT,Akola,Total,864.0,122.0,12.0,395690.0,1813906.0,932334.0,881572.0,5672.81,319.7544074277122
DISTRICT,Washim,Total,698.0,91.0,4.0,259464.0,1197160.0,620302.0,576858.0,4901.1900000000005,244.25904729259625
DISTRICT,Amravati,Total,1637.0,360.0,12.0,647451.0,2888445.0,1480768.0,1407677.0,12210.0,236.56388206388206
DISTRICT,Wardha,Total,973.0,403.0,13.0,309846.0,1300774.0,668385.0,632389.0,6309.0,206.17752417181805
DISTRICT,Nagpur,Total,1617.0,242.0,41.0,1041544.0,4653570.0,2384975.0,2268595.0,9892.0,470.4377274565305
DISTRICT,Bhandara,Total,771.0,93.0,12.0,278076.0,1200334.0,605520.0,594814.0,4087.0,293.6956202593589
DISTRICT,Gondiya,Total,883.0,59.0,10.0,292369.0,1322507.0,661554.0,660953.0,5234.0,252.67615590370653
DISTRICT,Gadchiroli,Total,1509.0,166.0,6.0,250435.0,1072942.0,541328.0,531614.0,14412.0,74.44782126006106
DISTRICT,Chandrapur,Total,1463.0,329.0,23.0,536686.0,2204307.0,1123834.0,1080473.0,11443.000000000002,192.63366250109235
DISTRICT,Yavatmal,Total,1853.0,284.0,18.0,646886.0,2772348.0,1419965.0,1352383.0,13582.0,204.11927551170666
DISTRICT,Nanded,Total,1541.0,62.0,17.0,665434.0,3361292.0,1730075.0,1631217.0,10528.0,319.2716565349544
DISTRICT,Hingoli,Total,675.0,36.0,3.0,228868.0,1177345.0,606294.0,571051.0,4827.0,243.90822457012638
DISTRICT,Parbhani,Total,830.0,13.0,8.0,361130.0,1836086.0,942870.0,893216.0,6214.0,295.4757000321854
DISTRICT,Jalna ###,Total,958.0,9.0,4.0,391701.0,1959046.0,1011473.0,947573.0,7694.11,254.83889850781605
DISTRICT,Aurangabad ###,Total,1314.0,42.0,16.0,751915.0,3701282.0,1924469.0,1776813.0,10130.89,365.10400380365786
DISTRICT,Nashik,Total,1919.0,3.0,25.0,1222887.0,6107187.0,3157186.0,2950001.0,15530.0,393.25093367675464
DISTRICT,Thane,Total,1704.0,17.0,51.0,2529165.0,11060148.0,5865078.0,5195070.0,9558.0,1157.1613308223477
DISTRICT,Mumbai Suburban,Total,0.0,0.0,1.0,2105604.0,9356962.0,5031323.0,4325639.0,446.0,20979.735426008967
DISTRICT,Mumbai,Total,0.0,0.0,0.0,674339.0,3085411.0,1684608.0,1400803.0,157.0,19652.299363057326
DISTRICT,Raigarh,Total,1860.0,49.0,42.0,611790.0,2634200.0,1344345.0,1289855.0,7152.0,368.3165548098434
DISTRICT,Pune,Total,1852.0,25.0,35.0,2151503.0,9429408.0,4924105.0,4505303.0,15643.0,602.7877005689446
DISTRICT,Ahmadnagar,Total,1581.0,3.0,19.0,930024.0,4543159.0,2342825.0,2200334.0,17048.0,266.4921984983576
DISTRICT,Bid,Total,1357.0,11.0,9.0,535835.0,2585049.0,1349106.0,1235943.0,10693.0,241.75151968577575
DISTRICT,Latur,Total,928.0,20.0,7.0,481572.0,2454196.0,1273140.0,1181056.0,7157.0,342.9084812072097
DISTRICT,Osmanabad,Total,728.0,5.0,8.0,351281.0,1657576.0,861535.0,796041.0,7569.0,218.99537587528076
DISTRICT,Solapur,Total,1143.0,11.0,13.0,873167.0,4317756.0,2227852.0,2089904.0,14895.0,289.879556898288
DISTRICT,Satara,Total,1719.0,26.0,22.0,653735.0,3003741.0,1510842.0,1492899.0,10480.0,286.6165076335878
DISTRICT,Ratnagiri,Total,1531.0,6.0,16.0,397115.0,1615069.0,761121.0,853948.0,8208.0,196.7676656920078
DISTRICT,Sindhudurg,Total,740.0,8.0,8.0,209839.0,849651.0,417332.0,432319.0,5207.0,163.1747647397734
DISTRICT,Kolhapur,Total,1195.0,21.0,23.0,840240.0,3876001.0,1980658.0,1895343.0,7685.0,504.35927130774235
DISTRICT,Sangli,Total,725.0,3.0,7.0,598386.0,2822143.0,1435728.0,1386415.0,8572.0,329.2280681287914
DISTRICT,Adilabad,Total,1590.0,135.0,22.0,649849.0,2741239.0,1369597.0,1371642.0,16105.0,170.21043154299906
DISTRICT,Nizamabad,Total,847.0,65.0,8.0,593234.0,2551335.0,1250641.0,1300694.0,7956.0,320.68061840120663
DISTRICT,Karimnagar,Total,1037.0,42.0,13.0,976022.0,3776269.0,1880800.0,1895469.0,11823.0,319.4002368265246
DISTRICT,Medak,Total,1201.0,30.0,24.0,668626.0,3033288.0,1523030.0,1510258.0,9699.0,312.7423445716053
DISTRICT,Hyderabad,Total,0.0,0.0,3.0,849051.0,3943323.0,2018575.0,1924748.0,216.9995611129232,18172.032145023353
DISTRICT,Rangareddy,Total,817.0,53.0,24.0,1235341.0,5296741.0,2701008.0,2595733.0,7492.999953867163,706.8919034580181
DISTRICT,Mahbubnagar,Total,1465.0,72.0,18.0,869451.0,4053028.0,2050386.0,2002642.0,18432.0,219.89084201388889
DISTRICT,Nalgonda,Total,1107.0,28.0,17.0,875939.0,3488809.0,1759772.0,1729037.0,14240.0,245.0006320224719
DISTRICT,Warangal,Total,961.0,88.0,15.0,886279.0,3512576.0,1759281.0,1753295.0,12846.0,273.43733457885725
DISTRICT,Khammam,Total,1103.0,120.0,14.0,754034.0,2797370.0,1390988.0,1406382.0,16029.0,174.5193087528854
DISTRICT,Srikakulam,Total,1701.0,101.0,12.0,681330.0,2703114.0,1341738.0,1361376.0,5837.0,463.0998800753812
DISTRICT,Vizianagaram,Total,1452.0,68.0,14.0,587149.0,2344474.0,1161477.0,1182997.0,6539.0,358.5370851812204
DISTRICT,Visakhapatnam,Total,3072.0,193.0,15.0,1097042.0,4290589.0,2138910.0,2151679.0,11161.0,384.42693307051337
DISTRICT,East Godavari,Total,1312.0,62.0,19.0,1428528.0,5154296.0,2569688.0,2584608.0,10807.0,476.9405015267882
DISTRICT,West Godavari,Total,842.0,39.0,13.0,1091525.0,3936966.0,1964918.0,1972048.0,7742.0,508.5205373288556
DISTRICT,Krishna,Total,934.0,34.0,17.0,1243293.0,4517398.0,2267375.0,2250023.0,8727.0,517.634696917612
DISTRICT,Guntur,Total,691.0,21.0,14.0,1296609.0,4887813.0,2440521.0,2447292.0,11391.0,429.094284961812
DISTRICT,Prakasam,Total,985.0,96.0,13.0,860463.0,3397448.0,1714764.0,1682684.0,17626.0,192.75207080449337
DISTRICT,Sri Potti Sriramulu Nellore,Total,1093.0,84.0,10.0,776854.0,2963557.0,1492974.0,1470583.0,13076.0,226.64094524319364
DISTRICT,Y.S.R.,Total,830.0,89.0,18.0,706204.0,2882469.0,1451777.0,1430692.0,15359.0,187.67296047919785
DISTRICT,Kurnool,Total,870.0,28.0,12.0,887652.0,4053463.0,2039227.0,2014236.0,17658.0,229.55391324045758
DISTRICT,Anantapur,Total,921.0,28.0,16.0,968160.0,4081148.0,2064495.0,2016653.0,19130.0,213.33758494511238
DISTRICT,Chittoor,Total,1455.0,38.0,22.0,1039953.0,4174064.0,2090204.0,2083860.0,15152.000152556364,275.47940588528667
DISTRICT,Belgaum,Total,1263.0,12.0,31.0,983854.0,4779661.0,2423063.0,2356598.0,13433.0,356.0
DISTRICT,Bagalkot ,Total,613.0,11.0,15.0,361149.0,1889752.0,950111.0,939641.0,6552.0,288.0
DISTRICT,Bijapur,Total,679.0,13.0,6.0,408806.0,2177331.0,1111022.0,1066309.0,10498.0,207.0
DISTRICT,Bidar,Total,595.0,25.0,7.0,319937.0,1703300.0,870665.0,832635.0,5448.0,313.0
DISTRICT,Raichur,Total,815.0,69.0,9.0,363853.0,1928812.0,964511.0,964301.0,8442.0,228.0
DISTRICT,Koppal,Total,595.0,34.0,5.0,264595.0,1389920.0,699926.0,689994.0,5570.0,250.0
DISTRICT,Gadag,Total,322.0,15.0,9.0,219096.0,1064570.0,537147.0,527423.0,4657.0,229.0
DISTRICT,Dharwad,Total,361.0,18.0,6.0,382700.0,1847023.0,937206.0,909817.0,4260.0,434.0
DISTRICT,Uttara Kannada,Total,1243.0,46.0,18.0,324530.0,1437169.0,726256.0,710913.0,10277.0,140.0
DISTRICT,Haveri,Total,696.0,7.0,10.0,330414.0,1597668.0,819128.0,778540.0,4823.0,331.0
DISTRICT,Bellary,Total,522.0,30.0,13.0,489118.0,2452595.0,1236954.0,1215641.0,8461.0,290.0
DISTRICT,Chitradurga,Total,948.0,115.0,8.0,357003.0,1659456.0,840843.0,818613.0,8436.0,197.0
DISTRICT,Davanagere,Total,800.0,123.0,8.0,410176.0,1945497.0,986400.0,959097.0,5924.0,328.0
DISTRICT,Shimoga,Total,1444.0,86.0,9.0,406816.0,1752753.0,877415.0,875338.0,8478.0,207.0
DISTRICT,Udupi,Total,233.0,0.0,20.0,253078.0,1177361.0,562131.0,615230.0,3582.0,329.0
DISTRICT,Chikmagalur,Total,1022.0,95.0,9.0,276085.0,1137961.0,566622.0,571339.0,7202.0,158.0
DISTRICT,Tumkur,Total,2582.0,133.0,12.0,640081.0,2678980.0,1350594.0,1328386.0,10597.0,253.0
DISTRICT,Bangalore,Total,562.0,26.0,16.0,2393845.0,9621551.0,5022661.0,4598890.0,2196.0,4381.0
DISTRICT,Mandya,Total,1368.0,109.0,9.0,428625.0,1805769.0,905085.0,900684.0,4962.0,364.0
DISTRICT,Hassan,Total,2418.0,156.0,11.0,433453.0,1776421.0,883667.0,892754.0,6814.0,261.0
DISTRICT,Dakshina Kannada,Total,331.0,0.0,41.0,439733.0,2089649.0,1034714.0,1054935.0,4861.0,430.0
DISTRICT,Kodagu,Total,291.0,5.0,5.0,142716.0,554519.0,274608.0,279911.0,4102.0,135.0
DISTRICT,Mysore,Total,1199.0,137.0,19.0,700968.0,3001127.0,1511600.0,1489527.0,6307.0,476.0
DISTRICT,Chamarajanagar,Total,428.0,81.0,5.0,244874.0,1020791.0,512231.0,508560.0,5648.0,181.0
DISTRICT,Gulbarga,Total,871.0,47.0,11.0,471601.0,2566326.0,1301755.0,1264571.0,10954.0,234.0
DISTRICT,Yadgir,Total,487.0,26.0,7.0,202063.0,1174271.0,590329.0,583942.0,5270.0,223.0
DISTRICT,Kolar,Total,1608.0,189.0,7.0,333348.0,1536401.0,776396.0,760005.0,3979.0,386.0
DISTRICT,Chikkaballapura,Total,1324.0,189.0,8.0,284698.0,1255104.0,636437.0,618667.0,4244.0,296.0
DISTRICT,Bangalore Rural,Total,957.0,94.0,7.0,229279.0,990923.0,509172.0,481751.0,2298.0,431.0
DISTRICT,Ramanagara,Total,820.0,52.0,6.0,260533.0,1082636.0,548008.0,534628.0,3516.0,308.0
DISTRICT,North Goa,Total,188.0,6.0,47.0,191766.0,818008.0,416677.0,401331.0,1736.0,471.0
DISTRICT,South Goa,Total,132.0,8.0,23.0,151845.0,640537.0,322463.0,318074.0,1966.0,326.0
DISTRICT,Lakshadweep,Total,6.0,15.0,6.0,11574.0,64473.0,33123.0,31350.0,30.0,2149.0
DISTRICT,Kasaragod,Total,93.0,0.0,27.0,273410.0,1307375.0,628613.0,678762.0,1989.0,657.0
DISTRICT,Kannur,Total,56.0,0.0,67.0,554298.0,2523003.0,1181446.0,1341557.0,2961.0,852.0
DISTRICT,Wayanad,Total,48.0,0.0,1.0,190894.0,817420.0,401684.0,415736.0,2130.0,384.0
DISTRICT,Kozhikode,Total,51.0,0.0,51.0,697710.0,3086293.0,1470942.0,1615351.0,2345.0,1316.0
DISTRICT,Malappuram,Total,83.0,0.0,44.0,793999.0,4112920.0,1960328.0,2152592.0,3554.0,1157.0
DISTRICT,Palakkad,Total,131.0,0.0,21.0,637220.0,2809934.0,1359478.0,1450456.0,4482.0,627.0
DISTRICT,Thrissur,Total,98.0,0.0,135.0,759210.0,3121200.0,1480763.0,1640437.0,3027.0,1031.0
DISTRICT,Ernakulam,Total,61.0,0.0,56.0,814011.0,3282388.0,1619557.0,1662831.0,3063.0,1072.0
DISTRICT,Idukki ,Total,64.0,0.0,1.0,279812.0,1108974.0,552808.0,556166.0,4356.0,255.0
DISTRICT,Kottayam,Total,80.0,0.0,17.0,487296.0,1974551.0,968289.0,1006262.0,2206.0,895.0
DISTRICT,Alappuzha,Total,51.0,1.0,38.0,535958.0,2127789.0,1013142.0,1114647.0,1415.0,1504.0
DISTRICT,Pathanamthitta,Total,64.0,0.0,4.0,322684.0,1197412.0,561716.0,635696.0,2652.0,452.0
DISTRICT,Kollam,Total,69.0,0.0,27.0,669375.0,2635375.0,1246968.0,1388407.0,2483.0,1061.0
DISTRICT,Thiruvananthapuram,Total,68.0,0.0,31.0,837877.0,3301427.0,1581678.0,1719749.0,2189.0,1508.0
DISTRICT,Thiruvallur,Total,582.0,35.0,58.0,946949.0,3728104.0,1876062.0,1852042.0,3394.0,1098.0
DISTRICT,Chennai,Total,0.0,0.0,1.0,1154982.0,4646732.0,2335844.0,2310888.0,175.0,26553.0
DISTRICT,Kancheepuram,Total,962.0,57.0,75.0,1006245.0,3998252.0,2012958.0,1985294.0,4482.999999983322,892.0
DISTRICT,Vellore,Total,763.0,95.0,72.0,929281.0,3936331.0,1961688.0,1974643.0,6075.0,648.0
DISTRICT,Tiruvannamalai,Total,1039.0,56.0,22.0,588836.0,2464875.0,1235889.0,1228986.0,6188.000190196117,398.0
DISTRICT,Viluppuram,Total,1431.0,55.0,19.0,800368.0,3458873.0,1740819.0,1718054.0,7194.000000000001,481.0
DISTRICT,Salem,Total,517.0,68.0,68.0,915967.0,3482056.0,1781571.0,1700485.0,5236.9991129776245,665.0
DISTRICT,Namakkal   ,Total,362.0,27.0,34.0,475511.0,1726601.0,869280.0,857321.0,3419.998817624214,505.0
DISTRICT,Erode,Total,287.0,19.0,59.0,658071.0,2251744.0,1129868.0,1121876.0,5759.9970038841475,391.0
DISTRICT,The Nilgiris,Total,40.0,0.0,18.0,197653.0,735394.0,360143.0,375251.0,2564.997344388933,287.0
DISTRICT,Dindigul,Total,330.0,32.0,34.0,560773.0,2159775.0,1080938.0,1078837.0,6036.0,358.0
DISTRICT,Karur ,Total,169.0,1.0,19.0,287095.0,1064493.0,528184.0,536309.0,2904.0,367.0
DISTRICT,Tiruchirappalli,Total,431.0,40.0,31.0,698404.0,2722290.0,1352284.0,1370006.0,4509.0,604.0
DISTRICT,Perambalur  ,Total,147.0,12.0,5.0,149243.0,565223.0,282157.0,283066.0,1756.0,322.0
DISTRICT,Ariyalur  ,Total,189.0,24.0,4.0,197090.0,754894.0,374703.0,380191.0,1940.0020922957456,389.0
DISTRICT,Cuddalore,Total,799.0,29.0,30.0,635578.0,2605914.0,1311697.0,1294217.0,3702.9999743296858,704.0
DISTRICT,Nagapattinam  ,Total,486.0,5.0,14.0,413837.0,1616450.0,798127.0,818323.0,2568.997363248056,629.0
DISTRICT,Thiruvarur,Total,538.0,9.0,11.0,327219.0,1264277.0,626693.0,637584.0,2274.0042677106085,556.0
DISTRICT,Thanjavur,Total,789.0,16.0,34.0,605363.0,2405890.0,1182416.0,1223474.0,3410.9995919269336,705.0
DISTRICT,Pudukkottai,Total,732.0,18.0,16.0,387679.0,1618345.0,803188.0,815157.0,4644.000000000001,348.0
DISTRICT,Sivaganga,Total,508.0,7.0,16.0,338938.0,1339101.0,668672.0,670429.0,4233.0,316.0
DISTRICT,Madurai,Total,526.0,44.0,39.0,794887.0,3038252.0,1526475.0,1511777.0,3710.0014517563372,819.0
DISTRICT,Theni  ,Total,80.0,18.0,28.0,338112.0,1245899.0,625683.0,620216.0,2868.0001629193075,434.0
DISTRICT,Virudhunagar,Total,475.0,95.0,44.0,537748.0,1942288.0,967709.0,974579.0,4240.998101463051,458.0
DISTRICT,Ramanathapuram,Total,383.0,10.0,17.0,323905.0,1353445.0,682658.0,670787.0,4103.999538381393,330.0
DISTRICT,Thoothukkudi,Total,432.0,7.0,35.0,462010.0,1750176.0,865021.0,885155.0,4745.0,369.0
DISTRICT,Tirunelveli ,Total,430.0,35.0,53.0,815528.0,3077233.0,1520912.0,1556321.0,6693.0,460.0
DISTRICT,Kanniyakumari,Total,56.0,7.0,96.0,483539.0,1870374.0,926345.0,944029.0,1683.99887541413,1111.0
DISTRICT,Dharmapuri,Total,448.0,38.0,13.0,375873.0,1506843.0,774303.0,732540.0,4497.0,335.0
DISTRICT,Krishnagiri,Total,602.0,53.0,14.0,448053.0,1879809.0,960232.0,919577.0,5129.0,367.0
DISTRICT,Coimbatore,Total,219.0,18.0,69.0,958035.0,3458045.0,1729297.0,1728748.0,4731.997040741916,731.0
DISTRICT,Tiruppur,Total,297.0,0.0,49.0,712210.0,2479052.0,1246159.0,1232893.0,5187.0,478.0
DISTRICT,Yanam,Total,0.0,0.0,1.0,13812.0,55626.0,27301.0,28325.0,30.0,1854.0
DISTRICT,Puducherry,Total,62.0,0.0,6.0,231513.0,950289.0,468258.0,482031.0,294.0,3232.0
DISTRICT,Mahe,Total,0.0,0.0,1.0,7420.0,41816.0,19143.0,22673.0,9.0,4646.0
DISTRICT,Karaikal,Total,28.0,0.0,2.0,49705.0,200222.0,97809.0,102413.0,157.0,1275.0
DISTRICT,Nicobars,Total,90.0,110.0,0.0,9288.0,36842.0,20727.0,16115.0,1841.0,20.0
DISTRICT,North  & Middle Andaman,Total,198.0,29.0,1.0,26199.0,105597.0,54861.0,50736.0,3736.0,28.0
DISTRICT,South Andaman,Total,108.0,20.0,4.0,59064.0,238142.0,127283.0,110859.0,2672.0,89.0
